{"cameraMode":{"drawMode":31,"name":"Sprite Mask","section":"Miscellaneous"},"sceneLighting":true,"audioPlay":false,"sceneViewState":{"showFog":false,"showMaterialUpdate":false,"showSkybox":false,"showFlares":false,"showImageEffects":false,"showParticleSystems":false},"in2DMode":false,"pivot":{"x":3929.8447265625,"y":-2562.46630859375,"z":17.078651428222658},"rotation":{"x":-0.22128836810588838,"y":-0.6764024496078491,"z":0.22490334510803224,"w":-0.6655296087265015},"size":4923.57861328125,"orthographic":false}