{"cameraMode":{"drawMode":0,"name":"Shaded","section":"Shading Mode"},"sceneLighting":false,"audioPlay":false,"sceneViewState":{"showFog":true,"showMaterialUpdate":false,"showSkybox":false,"showFlares":true,"showImageEffects":true,"showParticleSystems":true},"in2DMode":false,"pivot":{"x":2.140000104904175,"y":1.2599999904632569,"z":66.9000015258789},"rotation":{"x":0.14990781247615815,"y":0.3765239715576172,"z":-0.06188342347741127,"w":0.9121007919311523},"size":2.8578836917877199,"orthographic":false}