{"cameraMode":{"drawMode":0,"name":"Shaded","section":"Shading Mode"},"sceneLighting":false,"audioPlay":false,"sceneViewState":{"showFog":true,"showMaterialUpdate":false,"showSkybox":true,"showFlares":true,"showImageEffects":true,"showParticleSystems":true},"in2DMode":false,"pivot":{"x":0.0,"y":1.2599999904632569,"z":66.9000015258789},"rotation":{"x":-0.020287388935685159,"y":0.9530829787254334,"z":-0.29482322931289675,"w":-0.06558366119861603},"size":4.940711498260498,"orthographic":false}