{"cameraMode":{"drawMode":0,"name":"Shaded","section":"Shading Mode"},"sceneLighting":false,"audioPlay":false,"sceneViewState":{"showFog":true,"showMaterialUpdate":false,"showSkybox":false,"showFlares":true,"showImageEffects":true,"showParticleSystems":true},"in2DMode":false,"pivot":{"x":2.140000104904175,"y":1.2599999904632569,"z":66.9000015258789},"rotation":{"x":-0.009189383126795292,"y":0.9438119530677795,"z":-0.026337305083870889,"w":-0.3293056786060333},"size":2.8578836917877199,"orthographic":false}